name,city,phone,website,email
Hannacks Home Services,Fitchburg,+16084009345,hannackshomeservices.com,hannackhs@gmail.com
Degnan Design-Build-Remodel,DeForest,+16088465963,degnandesignbuildremodel.com,Contact-Us@DegnanDesignBuildRemodel.com
Time 2 Remodel,Madison,+16082120633,time2remodel.com,curt@time2remodel.com
Capital Custom Contractors,Monona,+16084710494,capitalcustomcontractors.com,Capitalcustomcontractors@gmail.com
Birrenkott Construction and Maintenance,Madison,+16084417877,birrenkott.com,russ@birrenkott.com
Warden & Sons,Madison,+16082740980,wardenandsons.com,wardenandsons@gmail.com
Frank's Construction,Sun Prairie,+16085157602,franksconstructionllc.net,contact@franksconstructionllc.net
Christensen Construction,Madison,+16082528406,christensenconstruction.net,matt@christensenconstruction.net
Hareplastering and Drywall,Sun Prairie,+16083327408,hareplastering.com,hareplastering@gmail.com
Scott Brothers Remodeling,Marshall,+16082288024,scottbrothersremodeling.com,info@scottbrothersremodeling.com
Artisan Remodeling,Madison,+16084697276,artisanremod.com,info@artisanremod.com
"Barlow Builders, Inc.",Madison,+16082443440,barlowbuildersinc.com,barlowbldrs@gmail.com
Hodson Construction,Middleton,+16083451098,hodsonconstruction.com,chip@hodsonconstruction.com
Dahlia Design Remodel,Madison,+16084458318,dahliadesignremodel.com,info@dahliadesignremodel.com
Construction & Design Services,Madison,+16086690132,constructiondesign.biz,peter@constructiondesign.biz
Premier Builders,Waunakee,+16088496770,premierbuildersinc.com,Info@PremierBuildersInc.com
Heartland Building & Design,Madison,+16082839015,heartlandbd.com,meg@heartlandbd.com
Genesis Exterior,Madison,+16082049999,genesisexteriors.com,staff@genesisexteriors.net
Kitchen and Bath Solutions,Madison,+16088248622,wikbsolutions.com,sales@wikbsolutions.com
Luxe Haus Design,Waunakee,,luxehausdesign.com,meghan@luxehausdesign.com
Clear Choice Construction,Juneau,+19207632147,wiremodeling.com,Jmlsna@WIremodeling.com
4 Lakes Plumbing,Madison,+16082415184,fourlakesplumbing.com,steve@4lakesplumbing.com
Sampler Square The Home Centre,Middleton,+16088316061,samplersquare.com,showroom@samplersquare.com
SK Construction,Lone Rock,+16084258082,skconstructionwi.com,skconstructionwi@yahoo.com
Eco Friendly Flooring,Madison,+16084413265,ecofriendlyflooring.com,ecofriendlyfloor2@gmail.com
Midwest Solar Power,Madison,+16083542063,mwsolarpower.com,adam@mwsolarpower.com
Monson Construction,Madison,+16088331127,monsonbuilders.com,kam@monsonbuilders.com
Classic Custom Homes of Waunakee,Waunakee,+16088504450,cchofwaunakee.com,bryan@cchofwaunakee.com
Midwest Roofing & Construction,Dodgeville,+18005518251,midwestroofingpros.com,contact@midwestroofingpros.com
Briggs Family Home Development,Oregon,+18663010155,briggsfamilyhd.com,CustomerCare@briggsfamilyhd.com
Richards Construction Building & Design,Janesville,+16087529551,richardsconstruction.net,info@richardsconstruction.net
New Heights Property Maintenance & Home Repair,Madison,+16083954000,newheightsmadison.com,info@newheightsmadison.com
Dave's Plumbing And Repair,Edgerton,+16082196193,davesplumbingandrepairwi.com,plumber9867@yahoo.com
Hooper,DeForest,+16082490451,hoopercorp.com,DOT@hoopercorp.com
Bee's Knees Craftsman,Lodi,+16085920628,beeskneesgroup.com,request@beeskneesgroup.com
Four Lakes Paving,Madison,+16082418825,fourlakespaving.net,chalo.herrera@fourlakespaving.net
Brookens Construction,Windsor,+19207944611,brookens.com,sales@brookens.com
Isthmus Electric,Madison,+16082058030,isthmuselectric.com,info@isthmuselectric.com
Stone Concepts,Middleton,+16088201111,stoneconceptscorp.com,sales@stoneconceptscorp.com
Badger GraniteWerks,Verona,+16088489600,badgergranitewerksinc.com,info@bgwinc.net
Doug's Handyman Service,Verona,+16088458110,dougshandymanserviceinc.com,dougshandymanserviceinc@gmail.com
Janesville Plumbling,Janesville,+16087547790,janesvilleplumbing.net,info@janesvilleplumbing.net
Hennick Remodeling and Repair,Verona,+16082164142,hennickremodeling.com,David@HennickRemodeling.com
The Granite Shop,Madison,+16082241005,thegraniteshopofmadison.com,thegraniteshopofmadison@hotmail.com
Warren Heating & Air Conditioning,Madison,+16082562391,warrenheating.com,"['info@warrenheating.com', 'sales@warrenheating.com']"
Performance Exteriors & Contracting,Stoughton,+16083207007,performanceext.com,info@performanceext.com
Spa Pro,Waunakee,+16087127728,spaprollc.com,spaprollc@yahoo.com
Miller Custom Homes Inc Ofc,Sun Prairie,+16088376076,millercustomhomes.com,mchabilene@gmail.com
Ganser Construction,Prairie Du Sac,+16086434667,ganserconstructioninc.com,Ganser@GanserConstructionInc.com
Connell Construction,Janesville,+16082958863,connellconstructionllc.com,connellconstruction.llc@gmail.com
Nelson Electric,Cross Plains,+16087984847,nelsonelectricllc.net,nelson@nelsonelectricllc.net
Rampart Xtreme Building Concepts,Stoughton,+16082052670,rampartxtreme.com,Info@rampartxtreme.com
EZegress Windows,Lake Geneva,+12626612838,ezegresswindows.com,Admin@ezegresswindows.com
Lake City Concrete Designs,Cottage Grove,+16082066651,lakecityconcrete.com,lakecityconcrete@gmail.com
Top Hat,Madison,+16082047585,tophat-pro.com,help.tophat@gmail.com
Rockford Refinishing,Rockford,+18155195679,rockfordrefinishingil.com,schultzandsonsservices@gmail.com
The Neatist,Durham,+12026809000,theneatist.com,theneatist@gmail.com
Wisconsin Foundation Specialists,Waukesha,+12623274011,wifoundations.com,jon@wifoundations.com
Legacy Custom Remodeling,Oregon,+16088351822,legacycr.com,Info@LegacyCR.com
JD Touch Countertops Oxford,Westfield,+16085168008,jdtouchcountertops.com,touchcountertops@gmail.com
Mad City Moving,Madison,+16082749855,madcitymoving.com,info@madcitymoving.com
Giertsen Co of Wisconsin,Waukesha,+12625221918,giertsenco.com,"['kmg@giertsenco.com', 'johnm@giertsenco.com', 'rickjr@giertsenco.com']"
Feiner Construction,Spring Green,+16085883801,feinerconstruction.com,info@feinerconstruction.com
Kari's Interiors,Lodi,+16085760988,karisinteriors.com,karisinteriors@gmail.com
Bath King,Orfordville,+16082952329,bathkingwi.com,Schuh_Travis@yahoo.com
Granite Plus,New Berlin,+12626417587,graniteplususa.com,info@graniteplususa.com
Cleary Building,Verona,+16088459700,clearybuilding.com,sales@clearybuilding.com
Kettle Moraine Heating & Air Conditioning,Delafield,+12623929400,kettlemoraineheating.com,info@kmheat.com
Patriot Properties,Waunakee,+16088496500,patriotpropertieswisconsin.com,patriotpropertiesleasing@gmail.com
C Braaksma Electric,Waupun,+19203191614,cbelectric.net,cbelectric@me.com
Elect-Tech,Waukesha,+12624463122,elect-techinc.com,contact@elect-techinc.com
Ethos Electric,Dousman,+12626460937,ethoselectricwi.com,Michael@ethoselectricwi.com
Wall To Wall Home Inspection Services,Milwaukee,+14143336325,walltowallhomeinspections.com,al@walltowallpro.com
Signature Homes By Adashun Jones,Fond Du Lac,+19209269933,signaturehomesaj.com,signaturehomes@adashunjones.com
