name,city,phone,website,email
Hannacks Home Services,Fitchburg,+16084009345,hannackshomeservices.com,hannackhs@gmail.com
Dahlia Design Remodel,Madison,+16084458318,dahliadesignremodel.com,info@dahliadesignremodel.com
Time 2 Remodel,Madison,+16082120633,time2remodel.com,curt@time2remodel.com
"Barlow Builders, Inc.",Madison,+16082443440,barlowbuildersinc.com,barlowbldrs@gmail.com
New Heights Property Maintenance & Home Repair,Madison,+16083954000,newheightsmadison.com,info@newheightsmadison.com
Heartland Building & Design,Madison,+16082839015,heartlandbd.com,meg@heartlandbd.com
Birrenkott Construction and Maintenance,Madison,+16084417877,birrenkott.com,russ@birrenkott.com
Artisan Remodeling,Madison,+16084697276,artisanremod.com,info@artisanremod.com
Degnan Design-Build-Remodel,DeForest,+16088465963,degnandesignbuildremodel.com,Contact-Us@DegnanDesignBuildRemodel.com
Scott Brothers Remodeling,Marshall,+16082288024,scottbrothersremodeling.com,info@scottbrothersremodeling.com
Capital Custom Contractors,Monona,+16084710494,capitalcustomcontractors.com,Capitalcustomcontractors@gmail.com
Briggs Family Home Development,Oregon,+18663010155,briggsfamilyhd.com,CustomerCare@briggsfamilyhd.com
Classic Custom Homes of Waunakee,Waunakee,+16088504450,cchofwaunakee.com,bryan@cchofwaunakee.com
Brookens Construction,Windsor,+19207944611,brookens.com,sales@brookens.com
Handyman247,Beloit,+16089216011,handyman247llc.com,pagehdymnidm@gmail.com
Hodson Construction,Middleton,+16083451098,hodsonconstruction.com,chip@hodsonconstruction.com
Kitchen and Bath Solutions,Madison,+16088248622,wikbsolutions.com,sales@wikbsolutions.com
Thomas Lulinski Home Finishing,Stoughton,+16088739266,tlhomefinishing.com,info@tlhomefinishing.com
Construction & Design Services,Madison,+16086690132,constructiondesign.biz,peter@constructiondesign.biz
Weather Tight Roofing,Madison,+16082214447,weathertightdoneright.com,info@weathertightdoneright.com
Aspen Garden & Landscape,Madison,+16082198944,aspengardenandlandscape.com,leads.aspengl@gmail.com
Boley Tree & Landscape Care,Middleton,+16088315638,boleytlc.com,boley@boleytlc.com
Butler Plaza,Madison,+16082561400,butlerplaza.net,butlerplazaapartments@gmail.com
Country Creek Helping Hands,Freeport,+18152972760,countrycreekhelpinghands.com,Areacountrycreekhelpinghands@gmail.com
Krantz Electric Inc,Verona,+16088459156,krantzelectricinc.com,info@krantzelectricinc.com
Clear Choice Construction,Juneau,+19207632147,wiremodeling.com,Jmlsna@WIremodeling.com
Gutter Flow7,Madison,+16083586139,gutterflow7.com,office@gutterflow7.com
Connell Construction,Janesville,+16082958863,connellconstructionllc.com,connellconstruction.llc@gmail.com
Lake & City Homes Realty,Madison,+16086289701,lakeandcityhomes.com,info@lakeandcityhomes.com
Jantzen Consulting,Delafield,+12626468930,jantzenconsulting.com,lou@jantzenconsulting.com
Ganser Construction,Prairie Du Sac,+16086434667,ganserconstructioninc.com,Ganser@GanserConstructionInc.com
MSB Holdings,Madison,+16082136625,msbholdings.com,michael@msbholdings.com
Richards Construction Building & Design,Janesville,+16087529551,richardsconstruction.net,info@richardsconstruction.net
Prospect Management Company,Milwaukee,+14145400004,pmcwi.com,homeownerservices@pmcwi.com
Ideal Windows and Doors,Waukesha,+12622329186,idealwindowsandmore.com,info@idealwindowsandmore.com
Bath King,Orfordville,+16082952329,bathkingwi.com,Schuh_Travis@yahoo.com
Feiner Construction,Spring Green,+16085883801,feinerconstruction.com,info@feinerconstruction.com
Signature Homes By Adashun Jones,Fond Du Lac,+19209269933,signaturehomesaj.com,signaturehomes@adashunjones.com
Elect-Tech,Waukesha,+12624463122,elect-techinc.com,contact@elect-techinc.com
